Board,commentsAnalyzed,sentimentScore_mean,sentimentComparative_mean,commentLength_mean,text_ratio_boomer,text_ratio_reddit,text_ratio_nigger,text_ratio_jew,text_ratio_trump,text_ratio_cuck,text_ratio_meme,text_ratio_sjw,text_ratio_kek,posts_ratio_boomer,posts_ratio_reddit,posts_ratio_nigger,posts_ratio_jew,posts_ratio_trump,posts_ratio_cuck,posts_ratio_meme,posts_ratio_sjw,posts_ratio_kek,created
3,5888,0.2686820652173913,0.01073280535402298,164.52156929347825,0.000018581546666005988,0.00006193848888668663,0.0001176831288847046,0.00010529543110736727,0.000051615407405572195,0.00010323081481114439,0.0003014339792485416,0.000012387697777337327,0.00009290773333002994,0.0005095108695652174,0.0016983695652173913,0.0032269021739130435,0.004925271739130435,0.0015285326086956522,0.004245923913043478,0.010869565217391304,0.0006793478260869565,0.005095108695652174,1531074062801
a,5888,0.2686820652173913,0.01073280535402298,164.52156929347825,0.000018581546666005988,0.00006193848888668663,0.0001176831288847046,0.00010529543110736727,0.000051615407405572195,0.00010323081481114439,0.0003014339792485416,0.000012387697777337327,0.00009290773333002994,0.0005095108695652174,0.0016983695652173913,0.0032269021739130435,0.004925271739130435,0.0015285326086956522,0.004245923913043478,0.010869565217391304,0.0006793478260869565,0.005095108695652174,1531074062801
aco,5888,0.2686820652173913,0.01073280535402298,164.52156929347825,0.000018581546666005988,0.00006193848888668663,0.0001176831288847046,0.00010529543110736727,0.000051615407405572195,0.00010323081481114439,0.0003014339792485416,0.000012387697777337327,0.00009290773333002994,0.0005095108695652174,0.0016983695652173913,0.0032269021739130435,0.004925271739130435,0.0015285326086956522,0.004245923913043478,0.010869565217391304,0.0006793478260869565,0.005095108695652174,1531074062801
adv,5888,0.2686820652173913,0.01073280535402298,164.52156929347825,0.000018581546666005988,0.00006193848888668663,0.0001176831288847046,0.00010529543110736727,0.000051615407405572195,0.00010323081481114439,0.0003014339792485416,0.000012387697777337327,0.00009290773333002994,0.0005095108695652174,0.0016983695652173913,0.0032269021739130435,0.004925271739130435,0.0015285326086956522,0.004245923913043478,0.010869565217391304,0.0006793478260869565,0.005095108695652174,1531074062801
an,5888,0.2686820652173913,0.01073280535402298,164.52156929347825,0.000018581546666005988,0.00006193848888668663,0.0001176831288847046,0.00010529543110736727,0.000051615407405572195,0.00010323081481114439,0.0003014339792485416,0.000012387697777337327,0.00009290773333002994,0.0005095108695652174,0.0016983695652173913,0.0032269021739130435,0.004925271739130435,0.0015285326086956522,0.004245923913043478,0.010869565217391304,0.0006793478260869565,0.005095108695652174,1531074062801
asp,5888,0.2686820652173913,0.01073280535402298,164.52156929347825,0.000018581546666005988,0.00006193848888668663,0.0001176831288847046,0.00010529543110736727,0.000051615407405572195,0.00010323081481114439,0.0003014339792485416,0.000012387697777337327,0.00009290773333002994,0.0005095108695652174,0.0016983695652173913,0.0032269021739130435,0.004925271739130435,0.0015285326086956522,0.004245923913043478,0.010869565217391304,0.0006793478260869565,0.005095108695652174,1531074062801
b,5888,0.2686820652173913,0.01073280535402298,164.52156929347825,0.000018581546666005988,0.00006193848888668663,0.0001176831288847046,0.00010529543110736727,0.000051615407405572195,0.00010323081481114439,0.0003014339792485416,0.000012387697777337327,0.00009290773333002994,0.0005095108695652174,0.0016983695652173913,0.0032269021739130435,0.004925271739130435,0.0015285326086956522,0.004245923913043478,0.010869565217391304,0.0006793478260869565,0.005095108695652174,1531074062801
bant,5888,0.2686820652173913,0.01073280535402298,164.52156929347825,0.000018581546666005988,0.00006193848888668663,0.0001176831288847046,0.00010529543110736727,0.000051615407405572195,0.00010323081481114439,0.0003014339792485416,0.000012387697777337327,0.00009290773333002994,0.0005095108695652174,0.0016983695652173913,0.0032269021739130435,0.004925271739130435,0.0015285326086956522,0.004245923913043478,0.010869565217391304,0.0006793478260869565,0.005095108695652174,1531074062801
biz,5888,0.2686820652173913,0.01073280535402298,164.52156929347825,0.000018581546666005988,0.00006193848888668663,0.0001176831288847046,0.00010529543110736727,0.000051615407405572195,0.00010323081481114439,0.0003014339792485416,0.000012387697777337327,0.00009290773333002994,0.0005095108695652174,0.0016983695652173913,0.0032269021739130435,0.004925271739130435,0.0015285326086956522,0.004245923913043478,0.010869565217391304,0.0006793478260869565,0.005095108695652174,1531074062801
c,5888,0.2686820652173913,0.01073280535402298,164.52156929347825,0.000018581546666005988,0.00006193848888668663,0.0001176831288847046,0.00010529543110736727,0.000051615407405572195,0.00010323081481114439,0.0003014339792485416,0.000012387697777337327,0.00009290773333002994,0.0005095108695652174,0.0016983695652173913,0.0032269021739130435,0.004925271739130435,0.0015285326086956522,0.004245923913043478,0.010869565217391304,0.0006793478260869565,0.005095108695652174,1531074062801
cgl,5888,0.2686820652173913,0.01073280535402298,164.52156929347825,0.000018581546666005988,0.00006193848888668663,0.0001176831288847046,0.00010529543110736727,0.000051615407405572195,0.00010323081481114439,0.0003014339792485416,0.000012387697777337327,0.00009290773333002994,0.0005095108695652174,0.0016983695652173913,0.0032269021739130435,0.004925271739130435,0.0015285326086956522,0.004245923913043478,0.010869565217391304,0.0006793478260869565,0.005095108695652174,1531074062801
ck,5888,0.2686820652173913,0.01073280535402298,164.52156929347825,0.000018581546666005988,0.00006193848888668663,0.0001176831288847046,0.00010529543110736727,0.000051615407405572195,0.00010323081481114439,0.0003014339792485416,0.000012387697777337327,0.00009290773333002994,0.0005095108695652174,0.0016983695652173913,0.0032269021739130435,0.004925271739130435,0.0015285326086956522,0.004245923913043478,0.010869565217391304,0.0006793478260869565,0.005095108695652174,1531074062801
cm,5888,0.2686820652173913,0.01073280535402298,164.52156929347825,0.000018581546666005988,0.00006193848888668663,0.0001176831288847046,0.00010529543110736727,0.000051615407405572195,0.00010323081481114439,0.0003014339792485416,0.000012387697777337327,0.00009290773333002994,0.0005095108695652174,0.0016983695652173913,0.0032269021739130435,0.004925271739130435,0.0015285326086956522,0.004245923913043478,0.010869565217391304,0.0006793478260869565,0.005095108695652174,1531074062801
co,5888,0.2686820652173913,0.01073280535402298,164.52156929347825,0.000018581546666005988,0.00006193848888668663,0.0001176831288847046,0.00010529543110736727,0.000051615407405572195,0.00010323081481114439,0.0003014339792485416,0.000012387697777337327,0.00009290773333002994,0.0005095108695652174,0.0016983695652173913,0.0032269021739130435,0.004925271739130435,0.0015285326086956522,0.004245923913043478,0.010869565217391304,0.0006793478260869565,0.005095108695652174,1531074062801
d,5888,0.2686820652173913,0.01073280535402298,164.52156929347825,0.000018581546666005988,0.00006193848888668663,0.0001176831288847046,0.00010529543110736727,0.000051615407405572195,0.00010323081481114439,0.0003014339792485416,0.000012387697777337327,0.00009290773333002994,0.0005095108695652174,0.0016983695652173913,0.0032269021739130435,0.004925271739130435,0.0015285326086956522,0.004245923913043478,0.010869565217391304,0.0006793478260869565,0.005095108695652174,1531074062801
diy,5888,0.2686820652173913,0.01073280535402298,164.52156929347825,0.000018581546666005988,0.00006193848888668663,0.0001176831288847046,0.00010529543110736727,0.000051615407405572195,0.00010323081481114439,0.0003014339792485416,0.000012387697777337327,0.00009290773333002994,0.0005095108695652174,0.0016983695652173913,0.0032269021739130435,0.004925271739130435,0.0015285326086956522,0.004245923913043478,0.010869565217391304,0.0006793478260869565,0.005095108695652174,1531074062801
e,5888,0.2686820652173913,0.01073280535402298,164.52156929347825,0.000018581546666005988,0.00006193848888668663,0.0001176831288847046,0.00010529543110736727,0.000051615407405572195,0.00010323081481114439,0.0003014339792485416,0.000012387697777337327,0.00009290773333002994,0.0005095108695652174,0.0016983695652173913,0.0032269021739130435,0.004925271739130435,0.0015285326086956522,0.004245923913043478,0.010869565217391304,0.0006793478260869565,0.005095108695652174,1531074062801
f,5888,0.2686820652173913,0.01073280535402298,164.52156929347825,0.000018581546666005988,0.00006193848888668663,0.0001176831288847046,0.00010529543110736727,0.000051615407405572195,0.00010323081481114439,0.0003014339792485416,0.000012387697777337327,0.00009290773333002994,0.0005095108695652174,0.0016983695652173913,0.0032269021739130435,0.004925271739130435,0.0015285326086956522,0.004245923913043478,0.010869565217391304,0.0006793478260869565,0.005095108695652174,1531074062801
fa,5888,0.2686820652173913,0.01073280535402298,164.52156929347825,0.000018581546666005988,0.00006193848888668663,0.0001176831288847046,0.00010529543110736727,0.000051615407405572195,0.00010323081481114439,0.0003014339792485416,0.000012387697777337327,0.00009290773333002994,0.0005095108695652174,0.0016983695652173913,0.0032269021739130435,0.004925271739130435,0.0015285326086956522,0.004245923913043478,0.010869565217391304,0.0006793478260869565,0.005095108695652174,1531074062801
fit,5888,0.2686820652173913,0.01073280535402298,164.52156929347825,0.000018581546666005988,0.00006193848888668663,0.0001176831288847046,0.00010529543110736727,0.000051615407405572195,0.00010323081481114439,0.0003014339792485416,0.000012387697777337327,0.00009290773333002994,0.0005095108695652174,0.0016983695652173913,0.0032269021739130435,0.004925271739130435,0.0015285326086956522,0.004245923913043478,0.010869565217391304,0.0006793478260869565,0.005095108695652174,1531074062801
g,5888,0.2686820652173913,0.01073280535402298,164.52156929347825,0.000018581546666005988,0.00006193848888668663,0.0001176831288847046,0.00010529543110736727,0.000051615407405572195,0.00010323081481114439,0.0003014339792485416,0.000012387697777337327,0.00009290773333002994,0.0005095108695652174,0.0016983695652173913,0.0032269021739130435,0.004925271739130435,0.0015285326086956522,0.004245923913043478,0.010869565217391304,0.0006793478260869565,0.005095108695652174,1531074062801
gd,5888,0.2686820652173913,0.01073280535402298,164.52156929347825,0.000018581546666005988,0.00006193848888668663,0.0001176831288847046,0.00010529543110736727,0.000051615407405572195,0.00010323081481114439,0.0003014339792485416,0.000012387697777337327,0.00009290773333002994,0.0005095108695652174,0.0016983695652173913,0.0032269021739130435,0.004925271739130435,0.0015285326086956522,0.004245923913043478,0.010869565217391304,0.0006793478260869565,0.005095108695652174,1531074062801
gif,5888,0.2686820652173913,0.01073280535402298,164.52156929347825,0.000018581546666005988,0.00006193848888668663,0.0001176831288847046,0.00010529543110736727,0.000051615407405572195,0.00010323081481114439,0.0003014339792485416,0.000012387697777337327,0.00009290773333002994,0.0005095108695652174,0.0016983695652173913,0.0032269021739130435,0.004925271739130435,0.0015285326086956522,0.004245923913043478,0.010869565217391304,0.0006793478260869565,0.005095108695652174,1531074062801
h,5888,0.2686820652173913,0.01073280535402298,164.52156929347825,0.000018581546666005988,0.00006193848888668663,0.0001176831288847046,0.00010529543110736727,0.000051615407405572195,0.00010323081481114439,0.0003014339792485416,0.000012387697777337327,0.00009290773333002994,0.0005095108695652174,0.0016983695652173913,0.0032269021739130435,0.004925271739130435,0.0015285326086956522,0.004245923913043478,0.010869565217391304,0.0006793478260869565,0.005095108695652174,1531074062801
hc,5888,0.2686820652173913,0.01073280535402298,164.52156929347825,0.000018581546666005988,0.00006193848888668663,0.0001176831288847046,0.00010529543110736727,0.000051615407405572195,0.00010323081481114439,0.0003014339792485416,0.000012387697777337327,0.00009290773333002994,0.0005095108695652174,0.0016983695652173913,0.0032269021739130435,0.004925271739130435,0.0015285326086956522,0.004245923913043478,0.010869565217391304,0.0006793478260869565,0.005095108695652174,1531074062801
his,5888,0.2686820652173913,0.01073280535402298,164.52156929347825,0.000018581546666005988,0.00006193848888668663,0.0001176831288847046,0.00010529543110736727,0.000051615407405572195,0.00010323081481114439,0.0003014339792485416,0.000012387697777337327,0.00009290773333002994,0.0005095108695652174,0.0016983695652173913,0.0032269021739130435,0.004925271739130435,0.0015285326086956522,0.004245923913043478,0.010869565217391304,0.0006793478260869565,0.005095108695652174,1531074062801
hm,5888,0.2686820652173913,0.01073280535402298,164.52156929347825,0.000018581546666005988,0.00006193848888668663,0.0001176831288847046,0.00010529543110736727,0.000051615407405572195,0.00010323081481114439,0.0003014339792485416,0.000012387697777337327,0.00009290773333002994,0.0005095108695652174,0.0016983695652173913,0.0032269021739130435,0.004925271739130435,0.0015285326086956522,0.004245923913043478,0.010869565217391304,0.0006793478260869565,0.005095108695652174,1531074062801
hr,5888,0.2686820652173913,0.01073280535402298,164.52156929347825,0.000018581546666005988,0.00006193848888668663,0.0001176831288847046,0.00010529543110736727,0.000051615407405572195,0.00010323081481114439,0.0003014339792485416,0.000012387697777337327,0.00009290773333002994,0.0005095108695652174,0.0016983695652173913,0.0032269021739130435,0.004925271739130435,0.0015285326086956522,0.004245923913043478,0.010869565217391304,0.0006793478260869565,0.005095108695652174,1531074062801
i,5888,0.2686820652173913,0.01073280535402298,164.52156929347825,0.000018581546666005988,0.00006193848888668663,0.0001176831288847046,0.00010529543110736727,0.000051615407405572195,0.00010323081481114439,0.0003014339792485416,0.000012387697777337327,0.00009290773333002994,0.0005095108695652174,0.0016983695652173913,0.0032269021739130435,0.004925271739130435,0.0015285326086956522,0.004245923913043478,0.010869565217391304,0.0006793478260869565,0.005095108695652174,1531074062801
ic,5888,0.2686820652173913,0.01073280535402298,164.52156929347825,0.000018581546666005988,0.00006193848888668663,0.0001176831288847046,0.00010529543110736727,0.000051615407405572195,0.00010323081481114439,0.0003014339792485416,0.000012387697777337327,0.00009290773333002994,0.0005095108695652174,0.0016983695652173913,0.0032269021739130435,0.004925271739130435,0.0015285326086956522,0.004245923913043478,0.010869565217391304,0.0006793478260869565,0.005095108695652174,1531074062801
int,5888,0.2686820652173913,0.01073280535402298,164.52156929347825,0.000018581546666005988,0.00006193848888668663,0.0001176831288847046,0.00010529543110736727,0.000051615407405572195,0.00010323081481114439,0.0003014339792485416,0.000012387697777337327,0.00009290773333002994,0.0005095108695652174,0.0016983695652173913,0.0032269021739130435,0.004925271739130435,0.0015285326086956522,0.004245923913043478,0.010869565217391304,0.0006793478260869565,0.005095108695652174,1531074062801
jp,5888,0.2686820652173913,0.01073280535402298,164.52156929347825,0.000018581546666005988,0.00006193848888668663,0.0001176831288847046,0.00010529543110736727,0.000051615407405572195,0.00010323081481114439,0.0003014339792485416,0.000012387697777337327,0.00009290773333002994,0.0005095108695652174,0.0016983695652173913,0.0032269021739130435,0.004925271739130435,0.0015285326086956522,0.004245923913043478,0.010869565217391304,0.0006793478260869565,0.005095108695652174,1531074062801
k,5888,0.2686820652173913,0.01073280535402298,164.52156929347825,0.000018581546666005988,0.00006193848888668663,0.0001176831288847046,0.00010529543110736727,0.000051615407405572195,0.00010323081481114439,0.0003014339792485416,0.000012387697777337327,0.00009290773333002994,0.0005095108695652174,0.0016983695652173913,0.0032269021739130435,0.004925271739130435,0.0015285326086956522,0.004245923913043478,0.010869565217391304,0.0006793478260869565,0.005095108695652174,1531074062801
lgbt,5888,0.2686820652173913,0.01073280535402298,164.52156929347825,0.000018581546666005988,0.00006193848888668663,0.0001176831288847046,0.00010529543110736727,0.000051615407405572195,0.00010323081481114439,0.0003014339792485416,0.000012387697777337327,0.00009290773333002994,0.0005095108695652174,0.0016983695652173913,0.0032269021739130435,0.004925271739130435,0.0015285326086956522,0.004245923913043478,0.010869565217391304,0.0006793478260869565,0.005095108695652174,1531074062801
lit,5888,0.2686820652173913,0.01073280535402298,164.52156929347825,0.000018581546666005988,0.00006193848888668663,0.0001176831288847046,0.00010529543110736727,0.000051615407405572195,0.00010323081481114439,0.0003014339792485416,0.000012387697777337327,0.00009290773333002994,0.0005095108695652174,0.0016983695652173913,0.0032269021739130435,0.004925271739130435,0.0015285326086956522,0.004245923913043478,0.010869565217391304,0.0006793478260869565,0.005095108695652174,1531074062801
m,5888,0.2686820652173913,0.01073280535402298,164.52156929347825,0.000018581546666005988,0.00006193848888668663,0.0001176831288847046,0.00010529543110736727,0.000051615407405572195,0.00010323081481114439,0.0003014339792485416,0.000012387697777337327,0.00009290773333002994,0.0005095108695652174,0.0016983695652173913,0.0032269021739130435,0.004925271739130435,0.0015285326086956522,0.004245923913043478,0.010869565217391304,0.0006793478260869565,0.005095108695652174,1531074062801
mlp,5888,0.2686820652173913,0.01073280535402298,164.52156929347825,0.000018581546666005988,0.00006193848888668663,0.0001176831288847046,0.00010529543110736727,0.000051615407405572195,0.00010323081481114439,0.0003014339792485416,0.000012387697777337327,0.00009290773333002994,0.0005095108695652174,0.0016983695652173913,0.0032269021739130435,0.004925271739130435,0.0015285326086956522,0.004245923913043478,0.010869565217391304,0.0006793478260869565,0.005095108695652174,1531074062801
mu,5888,0.2686820652173913,0.01073280535402298,164.52156929347825,0.000018581546666005988,0.00006193848888668663,0.0001176831288847046,0.00010529543110736727,0.000051615407405572195,0.00010323081481114439,0.0003014339792485416,0.000012387697777337327,0.00009290773333002994,0.0005095108695652174,0.0016983695652173913,0.0032269021739130435,0.004925271739130435,0.0015285326086956522,0.004245923913043478,0.010869565217391304,0.0006793478260869565,0.005095108695652174,1531074062801
n,5888,0.2686820652173913,0.01073280535402298,164.52156929347825,0.000018581546666005988,0.00006193848888668663,0.0001176831288847046,0.00010529543110736727,0.000051615407405572195,0.00010323081481114439,0.0003014339792485416,0.000012387697777337327,0.00009290773333002994,0.0005095108695652174,0.0016983695652173913,0.0032269021739130435,0.004925271739130435,0.0015285326086956522,0.004245923913043478,0.010869565217391304,0.0006793478260869565,0.005095108695652174,1531074062801
news,5888,0.2686820652173913,0.01073280535402298,164.52156929347825,0.000018581546666005988,0.00006193848888668663,0.0001176831288847046,0.00010529543110736727,0.000051615407405572195,0.00010323081481114439,0.0003014339792485416,0.000012387697777337327,0.00009290773333002994,0.0005095108695652174,0.0016983695652173913,0.0032269021739130435,0.004925271739130435,0.0015285326086956522,0.004245923913043478,0.010869565217391304,0.0006793478260869565,0.005095108695652174,1531074062801
o,5888,0.2686820652173913,0.01073280535402298,164.52156929347825,0.000018581546666005988,0.00006193848888668663,0.0001176831288847046,0.00010529543110736727,0.000051615407405572195,0.00010323081481114439,0.0003014339792485416,0.000012387697777337327,0.00009290773333002994,0.0005095108695652174,0.0016983695652173913,0.0032269021739130435,0.004925271739130435,0.0015285326086956522,0.004245923913043478,0.010869565217391304,0.0006793478260869565,0.005095108695652174,1531074062801
out,5888,0.2686820652173913,0.01073280535402298,164.52156929347825,0.000018581546666005988,0.00006193848888668663,0.0001176831288847046,0.00010529543110736727,0.000051615407405572195,0.00010323081481114439,0.0003014339792485416,0.000012387697777337327,0.00009290773333002994,0.0005095108695652174,0.0016983695652173913,0.0032269021739130435,0.004925271739130435,0.0015285326086956522,0.004245923913043478,0.010869565217391304,0.0006793478260869565,0.005095108695652174,1531074062801
p,5888,0.2686820652173913,0.01073280535402298,164.52156929347825,0.000018581546666005988,0.00006193848888668663,0.0001176831288847046,0.00010529543110736727,0.000051615407405572195,0.00010323081481114439,0.0003014339792485416,0.000012387697777337327,0.00009290773333002994,0.0005095108695652174,0.0016983695652173913,0.0032269021739130435,0.004925271739130435,0.0015285326086956522,0.004245923913043478,0.010869565217391304,0.0006793478260869565,0.005095108695652174,1531074062801
po,5888,0.2686820652173913,0.01073280535402298,164.52156929347825,0.000018581546666005988,0.00006193848888668663,0.0001176831288847046,0.00010529543110736727,0.000051615407405572195,0.00010323081481114439,0.0003014339792485416,0.000012387697777337327,0.00009290773333002994,0.0005095108695652174,0.0016983695652173913,0.0032269021739130435,0.004925271739130435,0.0015285326086956522,0.004245923913043478,0.010869565217391304,0.0006793478260869565,0.005095108695652174,1531074062801
pol,5888,0.2686820652173913,0.01073280535402298,164.52156929347825,0.000018581546666005988,0.00006193848888668663,0.0001176831288847046,0.00010529543110736727,0.000051615407405572195,0.00010323081481114439,0.0003014339792485416,0.000012387697777337327,0.00009290773333002994,0.0005095108695652174,0.0016983695652173913,0.0032269021739130435,0.004925271739130435,0.0015285326086956522,0.004245923913043478,0.010869565217391304,0.0006793478260869565,0.005095108695652174,1531074062801
qa,5888,0.2686820652173913,0.01073280535402298,164.52156929347825,0.000018581546666005988,0.00006193848888668663,0.0001176831288847046,0.00010529543110736727,0.000051615407405572195,0.00010323081481114439,0.0003014339792485416,0.000012387697777337327,0.00009290773333002994,0.0005095108695652174,0.0016983695652173913,0.0032269021739130435,0.004925271739130435,0.0015285326086956522,0.004245923913043478,0.010869565217391304,0.0006793478260869565,0.005095108695652174,1531074062801
qst,5888,0.2686820652173913,0.01073280535402298,164.52156929347825,0.000018581546666005988,0.00006193848888668663,0.0001176831288847046,0.00010529543110736727,0.000051615407405572195,0.00010323081481114439,0.0003014339792485416,0.000012387697777337327,0.00009290773333002994,0.0005095108695652174,0.0016983695652173913,0.0032269021739130435,0.004925271739130435,0.0015285326086956522,0.004245923913043478,0.010869565217391304,0.0006793478260869565,0.005095108695652174,1531074062801
r,5888,0.2686820652173913,0.01073280535402298,164.52156929347825,0.000018581546666005988,0.00006193848888668663,0.0001176831288847046,0.00010529543110736727,0.000051615407405572195,0.00010323081481114439,0.0003014339792485416,0.000012387697777337327,0.00009290773333002994,0.0005095108695652174,0.0016983695652173913,0.0032269021739130435,0.004925271739130435,0.0015285326086956522,0.004245923913043478,0.010869565217391304,0.0006793478260869565,0.005095108695652174,1531074062801
r9k,5888,0.2686820652173913,0.01073280535402298,164.52156929347825,0.000018581546666005988,0.00006193848888668663,0.0001176831288847046,0.00010529543110736727,0.000051615407405572195,0.00010323081481114439,0.0003014339792485416,0.000012387697777337327,0.00009290773333002994,0.0005095108695652174,0.0016983695652173913,0.0032269021739130435,0.004925271739130435,0.0015285326086956522,0.004245923913043478,0.010869565217391304,0.0006793478260869565,0.005095108695652174,1531074062801
s,5888,0.2686820652173913,0.01073280535402298,164.52156929347825,0.000018581546666005988,0.00006193848888668663,0.0001176831288847046,0.00010529543110736727,0.000051615407405572195,0.00010323081481114439,0.0003014339792485416,0.000012387697777337327,0.00009290773333002994,0.0005095108695652174,0.0016983695652173913,0.0032269021739130435,0.004925271739130435,0.0015285326086956522,0.004245923913043478,0.010869565217391304,0.0006793478260869565,0.005095108695652174,1531074062801
s4s,5888,0.2686820652173913,0.01073280535402298,164.52156929347825,0.000018581546666005988,0.00006193848888668663,0.0001176831288847046,0.00010529543110736727,0.000051615407405572195,0.00010323081481114439,0.0003014339792485416,0.000012387697777337327,0.00009290773333002994,0.0005095108695652174,0.0016983695652173913,0.0032269021739130435,0.004925271739130435,0.0015285326086956522,0.004245923913043478,0.010869565217391304,0.0006793478260869565,0.005095108695652174,1531074062801
sci,5888,0.2686820652173913,0.01073280535402298,164.52156929347825,0.000018581546666005988,0.00006193848888668663,0.0001176831288847046,0.00010529543110736727,0.000051615407405572195,0.00010323081481114439,0.0003014339792485416,0.000012387697777337327,0.00009290773333002994,0.0005095108695652174,0.0016983695652173913,0.0032269021739130435,0.004925271739130435,0.0015285326086956522,0.004245923913043478,0.010869565217391304,0.0006793478260869565,0.005095108695652174,1531074062801
soc,5888,0.2686820652173913,0.01073280535402298,164.52156929347825,0.000018581546666005988,0.00006193848888668663,0.0001176831288847046,0.00010529543110736727,0.000051615407405572195,0.00010323081481114439,0.0003014339792485416,0.000012387697777337327,0.00009290773333002994,0.0005095108695652174,0.0016983695652173913,0.0032269021739130435,0.004925271739130435,0.0015285326086956522,0.004245923913043478,0.010869565217391304,0.0006793478260869565,0.005095108695652174,1531074062801
sp,5888,0.2686820652173913,0.01073280535402298,164.52156929347825,0.000018581546666005988,0.00006193848888668663,0.0001176831288847046,0.00010529543110736727,0.000051615407405572195,0.00010323081481114439,0.0003014339792485416,0.000012387697777337327,0.00009290773333002994,0.0005095108695652174,0.0016983695652173913,0.0032269021739130435,0.004925271739130435,0.0015285326086956522,0.004245923913043478,0.010869565217391304,0.0006793478260869565,0.005095108695652174,1531074062801
t,5888,0.2686820652173913,0.01073280535402298,164.52156929347825,0.000018581546666005988,0.00006193848888668663,0.0001176831288847046,0.00010529543110736727,0.000051615407405572195,0.00010323081481114439,0.0003014339792485416,0.000012387697777337327,0.00009290773333002994,0.0005095108695652174,0.0016983695652173913,0.0032269021739130435,0.004925271739130435,0.0015285326086956522,0.004245923913043478,0.010869565217391304,0.0006793478260869565,0.005095108695652174,1531074062801
tg,5888,0.2686820652173913,0.01073280535402298,164.52156929347825,0.000018581546666005988,0.00006193848888668663,0.0001176831288847046,0.00010529543110736727,0.000051615407405572195,0.00010323081481114439,0.0003014339792485416,0.000012387697777337327,0.00009290773333002994,0.0005095108695652174,0.0016983695652173913,0.0032269021739130435,0.004925271739130435,0.0015285326086956522,0.004245923913043478,0.010869565217391304,0.0006793478260869565,0.005095108695652174,1531074062801
toy,5888,0.2686820652173913,0.01073280535402298,164.52156929347825,0.000018581546666005988,0.00006193848888668663,0.0001176831288847046,0.00010529543110736727,0.000051615407405572195,0.00010323081481114439,0.0003014339792485416,0.000012387697777337327,0.00009290773333002994,0.0005095108695652174,0.0016983695652173913,0.0032269021739130435,0.004925271739130435,0.0015285326086956522,0.004245923913043478,0.010869565217391304,0.0006793478260869565,0.005095108695652174,1531074062801
trash,5888,0.2686820652173913,0.01073280535402298,164.52156929347825,0.000018581546666005988,0.00006193848888668663,0.0001176831288847046,0.00010529543110736727,0.000051615407405572195,0.00010323081481114439,0.0003014339792485416,0.000012387697777337327,0.00009290773333002994,0.0005095108695652174,0.0016983695652173913,0.0032269021739130435,0.004925271739130435,0.0015285326086956522,0.004245923913043478,0.010869565217391304,0.0006793478260869565,0.005095108695652174,1531074062801
trv,5888,0.2686820652173913,0.01073280535402298,164.52156929347825,0.000018581546666005988,0.00006193848888668663,0.0001176831288847046,0.00010529543110736727,0.000051615407405572195,0.00010323081481114439,0.0003014339792485416,0.000012387697777337327,0.00009290773333002994,0.0005095108695652174,0.0016983695652173913,0.0032269021739130435,0.004925271739130435,0.0015285326086956522,0.004245923913043478,0.010869565217391304,0.0006793478260869565,0.005095108695652174,1531074062801
tv,5888,0.2686820652173913,0.01073280535402298,164.52156929347825,0.000018581546666005988,0.00006193848888668663,0.0001176831288847046,0.00010529543110736727,0.000051615407405572195,0.00010323081481114439,0.0003014339792485416,0.000012387697777337327,0.00009290773333002994,0.0005095108695652174,0.0016983695652173913,0.0032269021739130435,0.004925271739130435,0.0015285326086956522,0.004245923913043478,0.010869565217391304,0.0006793478260869565,0.005095108695652174,1531074062801
u,5888,0.2686820652173913,0.01073280535402298,164.52156929347825,0.000018581546666005988,0.00006193848888668663,0.0001176831288847046,0.00010529543110736727,0.000051615407405572195,0.00010323081481114439,0.0003014339792485416,0.000012387697777337327,0.00009290773333002994,0.0005095108695652174,0.0016983695652173913,0.0032269021739130435,0.004925271739130435,0.0015285326086956522,0.004245923913043478,0.010869565217391304,0.0006793478260869565,0.005095108695652174,1531074062801
v,5888,0.2686820652173913,0.01073280535402298,164.52156929347825,0.000018581546666005988,0.00006193848888668663,0.0001176831288847046,0.00010529543110736727,0.000051615407405572195,0.00010323081481114439,0.0003014339792485416,0.000012387697777337327,0.00009290773333002994,0.0005095108695652174,0.0016983695652173913,0.0032269021739130435,0.004925271739130435,0.0015285326086956522,0.004245923913043478,0.010869565217391304,0.0006793478260869565,0.005095108695652174,1531074062801
vg,5888,0.2686820652173913,0.01073280535402298,164.52156929347825,0.000018581546666005988,0.00006193848888668663,0.0001176831288847046,0.00010529543110736727,0.000051615407405572195,0.00010323081481114439,0.0003014339792485416,0.000012387697777337327,0.00009290773333002994,0.0005095108695652174,0.0016983695652173913,0.0032269021739130435,0.004925271739130435,0.0015285326086956522,0.004245923913043478,0.010869565217391304,0.0006793478260869565,0.005095108695652174,1531074062801
vip,5888,0.2686820652173913,0.01073280535402298,164.52156929347825,0.000018581546666005988,0.00006193848888668663,0.0001176831288847046,0.00010529543110736727,0.000051615407405572195,0.00010323081481114439,0.0003014339792485416,0.000012387697777337327,0.00009290773333002994,0.0005095108695652174,0.0016983695652173913,0.0032269021739130435,0.004925271739130435,0.0015285326086956522,0.004245923913043478,0.010869565217391304,0.0006793478260869565,0.005095108695652174,1531074062801
vp,5888,0.2686820652173913,0.01073280535402298,164.52156929347825,0.000018581546666005988,0.00006193848888668663,0.0001176831288847046,0.00010529543110736727,0.000051615407405572195,0.00010323081481114439,0.0003014339792485416,0.000012387697777337327,0.00009290773333002994,0.0005095108695652174,0.0016983695652173913,0.0032269021739130435,0.004925271739130435,0.0015285326086956522,0.004245923913043478,0.010869565217391304,0.0006793478260869565,0.005095108695652174,1531074062801
vr,5888,0.2686820652173913,0.01073280535402298,164.52156929347825,0.000018581546666005988,0.00006193848888668663,0.0001176831288847046,0.00010529543110736727,0.000051615407405572195,0.00010323081481114439,0.0003014339792485416,0.000012387697777337327,0.00009290773333002994,0.0005095108695652174,0.0016983695652173913,0.0032269021739130435,0.004925271739130435,0.0015285326086956522,0.004245923913043478,0.010869565217391304,0.0006793478260869565,0.005095108695652174,1531074062801
w,5888,0.2686820652173913,0.01073280535402298,164.52156929347825,0.000018581546666005988,0.00006193848888668663,0.0001176831288847046,0.00010529543110736727,0.000051615407405572195,0.00010323081481114439,0.0003014339792485416,0.000012387697777337327,0.00009290773333002994,0.0005095108695652174,0.0016983695652173913,0.0032269021739130435,0.004925271739130435,0.0015285326086956522,0.004245923913043478,0.010869565217391304,0.0006793478260869565,0.005095108695652174,1531074062801
wg,5888,0.2686820652173913,0.01073280535402298,164.52156929347825,0.000018581546666005988,0.00006193848888668663,0.0001176831288847046,0.00010529543110736727,0.000051615407405572195,0.00010323081481114439,0.0003014339792485416,0.000012387697777337327,0.00009290773333002994,0.0005095108695652174,0.0016983695652173913,0.0032269021739130435,0.004925271739130435,0.0015285326086956522,0.004245923913043478,0.010869565217391304,0.0006793478260869565,0.005095108695652174,1531074062801
wsg,5888,0.2686820652173913,0.01073280535402298,164.52156929347825,0.000018581546666005988,0.00006193848888668663,0.0001176831288847046,0.00010529543110736727,0.000051615407405572195,0.00010323081481114439,0.0003014339792485416,0.000012387697777337327,0.00009290773333002994,0.0005095108695652174,0.0016983695652173913,0.0032269021739130435,0.004925271739130435,0.0015285326086956522,0.004245923913043478,0.010869565217391304,0.0006793478260869565,0.005095108695652174,1531074062801
wsr,5888,0.2686820652173913,0.01073280535402298,164.52156929347825,0.000018581546666005988,0.00006193848888668663,0.0001176831288847046,0.00010529543110736727,0.000051615407405572195,0.00010323081481114439,0.0003014339792485416,0.000012387697777337327,0.00009290773333002994,0.0005095108695652174,0.0016983695652173913,0.0032269021739130435,0.004925271739130435,0.0015285326086956522,0.004245923913043478,0.010869565217391304,0.0006793478260869565,0.005095108695652174,1531074062801
x,5888,0.2686820652173913,0.01073280535402298,164.52156929347825,0.000018581546666005988,0.00006193848888668663,0.0001176831288847046,0.00010529543110736727,0.000051615407405572195,0.00010323081481114439,0.0003014339792485416,0.000012387697777337327,0.00009290773333002994,0.0005095108695652174,0.0016983695652173913,0.0032269021739130435,0.004925271739130435,0.0015285326086956522,0.004245923913043478,0.010869565217391304,0.0006793478260869565,0.005095108695652174,1531074062801
y,5888,0.2686820652173913,0.01073280535402298,164.52156929347825,0.000018581546666005988,0.00006193848888668663,0.0001176831288847046,0.00010529543110736727,0.000051615407405572195,0.00010323081481114439,0.0003014339792485416,0.000012387697777337327,0.00009290773333002994,0.0005095108695652174,0.0016983695652173913,0.0032269021739130435,0.004925271739130435,0.0015285326086956522,0.004245923913043478,0.010869565217391304,0.0006793478260869565,0.005095108695652174,1531074062801
