Board,postsPerDay_mean,dailyPeakPostsPerMinute_mean,OPLength_mean,repliesWithImages_ratio,repliesWithText_ratio,repliesPerThread_mean,repliesPerThread_standardDeviation,repliesPerThread_coefficientOfVariation,repliesPerMinutePerThread_mean,repliesPerMinutePerThread_standardDeviation,repliesPerMinutePerThread_coefficientOfVariation,postLengthByPost_mean,postLengthByPost_standardDeviation,postLengthByPost_coefficientOfVariation,postLengthByThread_mean,postLengthByThread_standardDeviation,postLengthByThread_coefficientOfVariation,postersPerThread_mean,postersPerThread_standardDeviation,postersPerThread_coefficientOfVariation,postsByPoster_mean,postsByPoster_standardDeviation,postsByPoster_coefficientOfVariation,threadAgeHours_mean,threadAgeHours_standardDeviation,threadAgeHours_coefficientOfVariation,created
3,160.3313295763883,0.20538646811668584,226.19594594594594,0.20197813638729825,0.9609578344612181,38.42,68.0966244880513,1.772426457263178,0.001962979375081991,0.004120288560282348,2.098997377448374,164.28462709284628,229.32241088338432,1.395884782048302,166.93622127204196,123.59542490037792,0.740375120262036,19.673333333333332,26.08511623299557,1.325912380531798,1.5566148410106324,0.6352481517158612,0.4080959110626405,558.6466267129465,925.6801264952087,1.657004772304582,1531074062801
a,43307.344381076,39.10755934708804,123.06338028169016,0.28470380194518125,0.9293840259357501,113.09999999999998,146.84407830530074,1.2983561300203426,0.26981983681475,0.27269369623167733,1.0106510308910328,99.36418346479697,148.97861019395978,1.4993190201853805,89.31779395552068,51.765135859671574,0.5795612897184862,40.126666666666665,41.99988835963998,1.0466827137308519,2.261169616346084,1.5799932419414635,0.6987504300958364,7.39224461111007,9.56775804447339,1.2942967322934178,1531074213921
aco,2265.904597608943,2.2606377168351304,165.7906976744186,0.6335608378441986,0.5304306895740174,143.5472972972973,103.25096259347505,0.7192818293167479,0.025428084414150048,0.07419666284068814,2.9179021758870554,52.155237694572996,131.73929936799667,2.525907371748107,45.93562462539338,51.909501068820155,1.1300488780144813,43.851351351351354,34.9967884366059,0.7980777640397031,4.12266542260715,3.1765144332364326,0.7705001758856346,399.0969825938523,388.54940817046963,0.9735714002275065,1531074257389
adv,3614.640130111813,3.396875783867055,493.5466666666667,0.08410548823948681,0.9896650035637918,18.706666666666667,39.46484455253253,2.1096673852030934,0.033129990040249815,0.04880195108158628,1.473044544302504,243.63700947225982,307.3059249331853,1.261326945355462,267.1895771154519,217.23551980884724,0.8130388997733259,11.153333333333334,18.54534502839519,1.6627625548471479,1.48669213851511,0.5487390431631637,0.3691006557088797,11.173432027779244,13.460292641626182,1.204669488135908,1531074303861
an,1010.3024124442254,1.0434594051772883,201.33098591549296,0.31491344873502,0.8912117177097204,50.06666666666667,77.66557939153111,1.5512432634793163,0.011867597032439137,0.030462009307852294,2.566822013301159,130.2458224543081,223.42297231544106,1.7153945370786898,107.94983660580105,108.32405416671783,1.0034665875621778,25.459999999999997,34.06281061020461,1.3378951535822707,1.6932626390563634,1.268167769824802,0.7489492418798879,126.27678965555297,251.58844354742783,1.9923569821001095,1531074332863
asp,5511.561294446304,5.705598532087788,165.3310344827586,0.2368778895838999,0.9301060647266793,24.513333333333332,36.520265911165296,1.4898123162020112,0.04187659655267383,0.060472939497055685,1.4440748407285373,83.73530180297884,126.67150818276254,1.5127611109685672,83.1466519265442,49.75197781849949,0.598364175414457,15.106666666666667,14.690653113081419,0.9724615917750278,1.433922029387812,0.7546701232376613,0.5262978793622791,15.556026220365808,30.1797411205051,1.940067514221213,1531074391915
b,92715.6851971165,79.98816036639482,118.36,0.37799717912552894,0.7742018207462497,51.99333333333333,76.69189411027885,1.4750332243289945,0.5736871901550117,0.8286756935583677,1.4444730643793136,52.082651905900114,120.15159350493894,2.306940777939299,63.37061977156705,70.27739257865373,1.1089901413617798,21.046666666666667,33.17073743862538,1.576056577698387,2.413221054398816,2.2227743593915394,0.9210819519993286,1.4854501425910878,1.9804967737224883,1.3332637137641556,1531074543768
bant,11309.300840871607,13.36000050863719,103.68027210884354,0.3918552036199095,0.8847662141779788,22.100000000000005,33.81927458319195,1.5302839177914909,0.11402415107000215,0.2638698083164201,2.3141571837217545,58.02251082251083,116.61082924046543,2.0097515186334247,59.62420690401441,52.02458583170249,0.8725413474338349,12.053333333333333,13.370508176164767,1.1092788862968557,1.672942341098377,1.3692945761631992,0.8184947816337672,8.784073937032842,20.401383956787324,2.322542376468051,1531074621805
biz,13004.021387141622,12.575122731751529,283.36551724137934,0.15488338192419826,0.9821428571428571,18.293333333333333,32.48846906553495,1.7759731632034412,0.10917182834050349,0.14183986032395138,1.2992349993586012,154.54906703524534,227.88212326817384,1.474496919584799,138.31204494484737,96.78312167949711,0.6997447092774159,12.233333333333333,15.311615053793481,1.251630658348241,1.4089091409800492,0.6546382463209965,0.4646419185453114,3.4530794277787202,4.34488653238529,1.2582642893853868,1531074738860
c,867.76709195662,0.9421938654102174,94.5,0.9461883408071748,0.2466367713004484,77.30666666666667,46.755526827198594,0.6048058834149524,0.00810757444290476,0.025711801779217513,3.171330952344059,19.7907372722629,87.48592338047074,4.4205489758627605,18.357276244069702,41.158891182739644,2.2421022942352886,17.673333333333332,12.959164925085089,0.7332609350293336,5.949753272253016,5.403198913230798,0.908138315319544,376.5387061592707,306.4525045412448,0.8138672054915373,1531074770901
cgl,927.8178471912858,1.0185099489015008,257.93918918918916,0.2540628385698808,0.9185954890180242,135.37333333333333,124.43073289541009,0.9191672379745648,0.009571559619221539,0.028397445269796595,2.9668566460965295,160.4511634728197,221.25095104982748,1.3789301757684498,161.8819577365567,109.10457222014357,0.6739761104056949,58.9,50.95550346462422,0.8651189043229918,2.0964160198348343,0.8941742770838069,0.42652520712671055,702.160145475927,892.1981429731177,1.2706476559822149,1531074796045
ck,4922.243215418797,4.8661188114998515,128.04109589041096,0.1627716947213597,0.9594705017159667,40.79333333333334,58.32818605861913,1.4298460383711176,0.040743663909376414,0.055508169336655505,1.3623754962273118,114.07991705216143,161.49806788633384,1.4156573046287466,109.18455808737006,62.33402919434456,0.5709051745619975,24.94,28.308827833969627,1.1350772988760875,1.4841749448867974,0.4924360021870548,0.33179107616899867,22.307807583332064,27.451621330163686,1.2305835626211414,1531074867465
cm,405.20378696082275,0.49927971315563296,80.96402877697842,0.7898199696334322,0.4133468295857132,92.20666666666666,80.17516628538345,0.8695159383130301,0.0043540601152999596,0.014581417032490331,3.3489241412289936,42.706744868035194,123.03720534224026,2.880978302664556,31.443030845762564,43.064719166752674,1.369610944250189,25.886666666666667,24.91814243121308,0.9625859811181977,4.638296624921512,4.433423275291353,0.9558300457695229,1398.6031976240693,1643.0577957758521,1.1747848128526086,1531074878485
co,18982.978393222216,17.99979074813177,177.1768707482993,0.286650223523971,0.9105133343610298,86.49333333333334,122.33548118005486,1.4143920284421325,0.12103805890944103,0.15941447665796024,1.3170607501003624,134.51158183480646,221.53674974440727,1.6469715597908612,116.05010875927707,83.9344979564596,0.7232608297728101,36.733333333333334,44.47616090546587,1.2107847796406315,1.9250895954615939,1.4031241731784554,0.7288617508952964,14.240571044443271,19.09480219967471,1.3408733498173573,1531075015661
d,1446.4530250627301,1.490584479169564,139.59712230215828,0.6696428571428571,0.5089755639097744,141.86666666666667,98.71964793742372,0.6958621800100356,0.01038824881843914,0.017120025085738566,1.648018389331465,68.35235650956604,176.39249948818966,2.5806352333076217,61.393890280334155,82.67461453025982,1.3466260918269637,46.50666666666667,36.74792450677392,0.7901646611261594,3.615091792522012,2.0398051513042783,0.5642471252109591,508.44347070369327,529.8588015876455,1.0421193940288251,1531075049169
diy,637.7887976439378,0.6833709282051766,346.15333333333336,0.17976408041202854,0.9764080412028576,40.126666666666665,55.513277290712665,1.3834510040882038,0.00613324359056571,0.00807856668759326,1.3171768850041907,182.61744204895444,233.85291695125974,1.2805617816537511,181.21204152633177,90.16295637715636,0.4975549947879972,22.26,23.906883248693592,1.0739839734363699,1.6274734628935665,0.6282247876908076,0.3860123080433245,169.58266114813708,252.2111046110575,1.4872458239745467,1531075077819
e,392.612877534519,0.4839740384978592,133.7560975609756,0.7620249331247161,0.42961691818503,132.08666666666667,95.31638101023815,0.7216200046199829,0.0033588102779263606,0.006401446060314924,1.9058671168134584,43.961929569703955,159.06205114714896,3.6181771979536905,35.95397273195869,78.53513956230596,2.18432439018061,42.89333333333334,38.994896532181656,0.9091132234733057,4.494905898793101,4.129706400961801,0.9187525821331749,1749.2156169185212,1793.7645194904683,1.0254679309634944,1531075095939
f,166.5191372442394,0.19857976275721193,55.666666666666664,0,1,1.3666666666666665,1.5380362660079099,1.1253923897618852,0.004108749075294726,0.007915091687354738,1.926399383926111,42.80281690140845,57.104702383591736,1.33413421166009,30.508333333333336,39.49808568966537,1.2946654692050927,2.2333333333333334,1.4067298564006128,0.6298790401793788,1.05,0.15000000000000008,0.14285714285714293,9.879820925924513,5.614370910921177,0.5682664648494938,1531075107189
fa,2365.1510739299183,2.2739478760233856,134.34265734265733,0.28911042944785276,0.8923824130879345,52.16,78.46528574259234,1.5043191285006199,0.014903664176997155,0.01979800251372781,1.3283983239695343,101.34951091045899,215.28602043227428,2.124193974872526,89.42730105956855,78.08944092466247,0.873217015379299,30.713333333333335,41.239679382307884,1.3427288707067901,1.4581562344584016,0.6189047224706833,0.4244433537676168,53.67704646668168,72.6343878104734,1.3531740770341913,1531075156462
fit,13049.5800835912,12.130679343449264,196.0202702702703,0.21200580340950306,0.9577439245556766,36.76,60.3876013764415,1.6427530298270268,0.11177339423434395,0.12278974604036634,1.0985596964419413,122.20303672316385,187.43539777276848,1.5338031099618303,128.53395739263752,110.49681710854924,0.8596702330654183,24.22,36.34242149334573,1.5005128609969336,1.3700661604631745,0.5332799282857779,0.38923662497108413,5.905901146296219,7.931612847642281,1.3429979017878502,1531075276505
g,12774.108532447606,11.693754681837737,301.42857142857144,0.1546026300743282,0.97221269296741,58.29999999999999,80.55588122539528,1.3817475338832808,0.11269345978730289,0.13360231087170796,1.1855373960819762,130.4990444069702,177.86750781510068,1.3629793890322193,136.1433081888098,164.7023899289052,1.2097722034232365,30.08,36.40815293310001,1.2103774246376335,1.6653586279605002,0.8347929777181188,0.5012691943359114,11.040949931479382,13.564289884658843,1.2285437366204375,1531075385885
gd,66.75427445078802,0.09776028544640993,204.92,0.3126760563380282,0.89738430583501,16.566666666666666,37.17515598114184,2.243973198056852,0.000556282674131315,0.0007857474782992263,1.4124967661921903,131.32979127134726,219.76926697427018,1.6734151851364292,156.35789309949254,150.1067140190803,0.9600200606666237,11.613333333333335,22.066501509955952,1.9001005892614191,1.36566028021639,0.612460421556018,0.4484720178425143,476.3555632870559,503.35793214055207,1.0566853227601003,1531075397021
gif,6175.906158344874,5.648830015660835,81.7734375,0.38569247775964627,0.6714218034426488,128.3581081081081,96.77865593750202,0.7539738421198242,0.06198430462403078,0.23669869514093342,3.8186875948135968,49.63891355445286,112.68252673442771,2.270044178360538,44.34301655859249,31.768678168931697,0.7164302439134755,70.22972972972973,60.384924576778026,0.8598199766560658,3.6807157988485883,11.238579591495052,3.0533679332185155,91.15795793731156,78.14504332947618,0.8572487262518075,1531075480102
h,1046.9612440207425,1.0591747203383997,239.32374100719426,0.550776948488927,0.6056527590847914,108.97333333333331,96.50733627841753,0.8856050680143538,0.009381303145016118,0.022801046250167493,2.430477503786956,63.49927255092143,143.24186389027798,2.2558032263347467,64.69603172385446,74.56716945642216,1.1525771746666196,48.61333333333334,47.81419408037278,0.9835613154218207,2.849638578085798,2.561176243754882,0.8987723086888141,854.999919459278,1159.293159179535,1.3558985595141333,1531075508715
hc,500.31110023553447,0.6329499945086972,64.98245614035088,0.7058823529411765,0.41953259859248443,101.08724832214766,88.81259455442495,0.8785736680792272,0.003876328916933665,0.006353741905582434,1.6391132026558008,28.59240023667083,101.16995209021405,3.538351144107859,30.730514698549133,47.9350626937514,1.5598522564288364,38.58389261744966,39.78281654471034,1.0310731718841262,3.491124714401861,3.873335677253761,1.1094807530865838,705.1112191610924,748.5897373455563,1.0616619293566092,1531075539812
his,5250.253045915225,5.308734200727252,243.47619047619048,0.23652264717399818,0.941521994517687,51.07333333333333,71.07367976653218,1.3916005697663263,0.0351416165995668,0.04606727998597615,1.3109038354981095,144.57815900652926,252.70248672565026,1.7478607312618915,156.097204311573,113.38637202459272,0.7263831054800401,25.52,30.116157346735548,1.1801002095115811,1.6606405961665305,0.6952118319331873,0.41864075437998677,59.550752003710805,134.92756947797338,2.2657576090653833,1531075609165
hm,461.8170094074923,0.5664041884129318,98.60655737704919,0.5411181398529663,0.5824072491024107,78.51006711409396,77.44490290459109,0.9864327690873717,0.003781233646644981,0.004629373720646404,1.224302477249445,46.81337047353761,120.07389130805787,2.564948648077638,48.44167380677633,62.305396002411065,1.2861941197765836,35.51006711409396,37.19576678116003,1.0474710357952834,2.551278298907866,1.6893970913291785,0.662176718256242,649.046702654736,846.4011475742691,1.3040681727714083,1531075640191
hr,819.5706950105756,0.9892864088364983,75.58730158730158,0.6695719987155374,0.4454332767558145,145.32666666666665,92.46040570007371,0.6362246366810889,0.005560974543014932,0.010045862518291628,1.8064931678045717,27.96409859219099,79.1586636000522,2.8307246643078763,26.63449476969939,20.33669192002522,0.7635471254803438,39.92,29.601243217135323,0.7415141086456744,4.733521299778465,5.755302028022533,1.2158605958511033,1513.0083994463102,1864.7909863698696,1.2325053760787417,1531075656519
i,116.93690124957554,0.16666666666666666,109.81159420289855,0.5405644606155964,0.7708722588258432,68.24832214765101,88.7499243625932,1.3003971609820422,0.0007938369189864456,0.0011198826425913736,1.410721290238323,64.78910641597209,157.00560728426328,2.4233334270150944,60.78585150413085,75.74865444012788,1.2461560143642998,36.16107382550336,44.92933558558743,1.2424779143007658,1.7811703983315141,1.0277729236757998,0.5770211118703473,2391.1746123061193,4353.463863164839,1.8206382088367146,1531075664807
ic,1523.0008118851295,1.5366520456375838,267.93288590604027,0.2657642786398151,0.9288544073951798,40.38666666666666,60.14668587895945,1.4892708619748956,0.014540535332419733,0.026527451396756566,1.8243792811128954,137.77690077319588,211.61545053672003,1.535928369335836,141.72692649512962,101.32454045573813,0.7149279460259805,21.913333333333338,25.92783232144348,1.1831989194452455,1.6047561535860961,0.8088473600474262,0.5040313185526171,61.88086601297591,69.61152595143307,1.1249281148850778,1531071233440
int,41485.61193129043,41.58433756286645,130.58992805755395,0.2455189201150697,0.9537508298296083,60.25333333333333,90.83517576113097,1.5075543664715252,0.3856062660958468,0.6841941489820655,1.774333586197485,83.97877666521549,142.84826945676525,1.701004410033682,82.25942516801491,56.068941492986504,0.6816111512871097,18.38,20.4583055668515,1.113074296346654,2.274884410451386,2.025088521417523,0.8901940301290746,3.4896045796275135,6.819247389279962,1.9541604882945964,1531071385030
jp,6827.405586027012,6.578722032170222,237.4758620689655,0.3373469930814263,0.8829829696647152,100.21333333333332,116.67999466727599,1.1643160723850052,0.03340247527309211,0.09540076746769928,2.8560987378247042,71.520550652088,139.7934055133383,1.954590732856125,68.2740842781989,54.62495805512557,0.800083349818992,38.973333333333336,33.44985234978209,0.8582753767477443,2.175998850542094,1.3429286421008186,0.6171550328559515,335.85244868147066,552.8114133392608,1.6459948870688699,1531071439545
k,10487.67865078916,10.617016138176604,229.74657534246572,0.3198023296858454,0.9116366631368397,56.66,72.88528246498053,1.2863622037589224,0.08167461624612365,0.11882019707414755,1.4547995758692884,119.1170077465603,181.3468876882114,1.5224264873581674,123.08566088598322,68.38761852247178,0.5556099551337718,30.466666666666665,33.294177001725416,1.0928066849581648,1.8250919881796843,1.8050720604338724,0.9890307294780362,17.7748825907407,20.01730250889122,1.1261566655477457,1531071629537
lgbt,5725.935158993951,5.635721683468431,364.1666666666667,0.13199701460710098,0.9848597931549206,62.52666666666667,110.59262764257338,1.7687273852634617,0.06251473863491377,0.16260175814380334,2.6010147637887124,164.48200230874173,236.18295848700163,1.4359197673413124,163.97720522769092,96.87356058764084,0.5907745558483378,22.493333333333332,21.493176178085506,0.9555353961804464,2.1912772890757086,1.6899004847602161,0.7711942679207999,40.73269150926272,55.96566603054841,1.3739741705460753,1531071674572
lit,4581.501143933803,4.476445053011726,214.0201342281879,0.1303538175046555,0.9710029263101889,25.06,36.61133340010075,1.4609470630527035,0.05797190516405293,0.11368351711453664,1.9610105411030934,163.69301611665387,300.48401375483405,1.8356556735486973,157.01401061725727,163.12736017475885,1.0389350576643996,16.69333333333333,20.057233663250337,1.2015116012330473,1.3640556687779677,0.4187171331552726,0.3069648422269991,14.247737122226644,19.179988338980912,1.3461778649087996,1531071739829
m,2938.5349344555398,2.9831797220816023,195.18120805369128,0.29212839128773405,0.9076232327092089,69.78666666666666,88.6778880117373,1.2706995798395677,0.022578401551811858,0.041176933962928465,1.8237311382932744,126.6992842343191,198.6691534936273,1.5680369048194962,111.56483893072074,65.39327247234068,0.586145895956955,30.18,28.69054896651507,0.9506477457427127,2.030786866524418,2.0386279050895686,1.003861083944555,98.600467449994,176.32480685305606,1.7882755671770072,1531071777887
mlp,4349.179449082612,4.557986962250573,502.3448275862069,0.303573056239176,0.8942211284294961,147.26174496644296,155.82598261747003,1.0581565677697127,0.02728552557170826,0.049332535964815315,1.808011204884655,220.19360825675616,437.3111472055808,1.9860301607649546,168.34590067744324,156.2955892856109,0.9284193357643964,37.31543624161074,31.68788374895909,0.849189690394767,3.4111474471467833,2.9610695612986566,0.868056748404532,206.37820497762658,341.77573900196865,1.6560650822552725,1531071863753
mu,22839.407945490875,21.197775241873547,161.02797202797203,0.306583850931677,0.9100621118012422,26.833333333333332,46.33377697629329,1.7267246078121723,0.16917741525201613,0.4144646382778032,2.4498816089629547,90.1717365269461,142.54490866252337,1.5808158315763001,99.83581144934598,113.8643473602815,1.1405160704087955,14.986666666666666,19.966968278189402,1.3323154989895063,1.5035021069403425,0.6781931596227455,0.4510756296862679,3.7477552259246507,5.116492710125061,1.365215282666363,1531072017809
n,398.1310894830344,0.44586878682135656,228.43537414965982,0.25396825396825395,0.95680128591521,66.36,80.2728081814342,1.209656542818478,0.007643960470308563,0.05032736634991164,6.583938593795486,189.65419635787808,266.1364526280952,1.4032721539464112,182.64502212992926,104.52776200017597,0.5723000866994198,32.67333333333333,31.283754392478045,0.957470548637361,1.7716572830267812,0.7057944944843604,0.3983809404031848,697.0863556703669,2277.2834103650202,3.2668598256740022,1531072033370
news,324.98358638183436,0.46303743982745077,1100.7533333333333,0,0.9996309282155379,36.126666666666665,48.06971280223015,1.3305881011874003,0.0031285287998232734,0.004506408505404351,1.440424171789281,261.81953672113485,364.18167530236593,1.3909644782935258,297.1901037717755,219.41784727540573,0.7383080543082475,21.26,23.539592179984766,1.1072244675439682,1.4990332605686583,0.5386260875494716,0.35931563476126194,250.67892069260103,203.25133839461313,0.8108034685686767,1531072045370
o,5062.20269038251,4.807061807251119,260.125,0.2701657458563536,0.9371546961325967,48.26666666666666,71.97181547121221,1.4911287735748386,0.04106729004387559,0.04892282530330861,1.1912844809345906,115.37591339648175,166.53240742147779,1.443389720774735,144.04256481663163,120.04701526159474,0.8334134803446217,26.206666666666667,35.29991438453579,1.3469822329382775,1.6589502973147836,0.7826801736864992,0.4717924189491173,23.564353112960745,42.645583376616926,1.8097498018378115,1531072114425
out,693.4420469107148,0.7460468590316116,265.36241610738256,0.21830098311066298,0.9616838921099066,52.893333333333324,66.45481138003144,1.2563929552564554,0.006298127008894347,0.008306425113824178,1.3188722777571287,164.73886689757546,226.08501424247495,1.372384176850268,170.6191746049276,105.69137373784253,0.6194577718628237,30.639999999999997,32.58041947755329,1.063329617413619,1.560647331879362,0.5178774134594615,0.33183500389919823,209.0687362870327,275.4510661177327,1.317514378331359,1531072141438
p,443.36310311197246,0.521037410813597,213.46308724832215,0.3564732708386116,0.8598935900684064,52.626666666666665,73.52029621509665,1.397016016248353,0.004712038733428204,0.008512692788285233,1.8065837888586065,144.17217802088513,219.36981317979922,1.5215821539993715,145.36304477153615,90.40083650724014,0.6218969659676647,24.433333333333337,27.52051759849165,1.1263513341811044,1.9557547735003782,1.2415456099939244,0.6348166072844736,293.7152402870364,379.8601053740111,1.2932938209225666,1531072157454
po,31.388888888889003,0.05,204.10204081632654,0.32011173184357544,0.9078212290502793,24.026845637583893,45.36976291203529,1.8882946016461613,0.0002134809596835364,0.0007006774700023055,3.282154394663524,107.2628050415661,167.62236833769603,1.5627259446808204,120.90555330797966,85.4327128372531,0.7066070209333769,10.697986577181208,18.18610159567305,1.69995554438851,2.0736054122074257,2.0656912052846708,0.9961833592465743,3624.651163974635,4396.590815171938,1.2129693634713323,1531072166459
pol,116964.24757618486,103.56231322540656,326.61170212765956,0.23968460537395697,0.9540687437801424,65.315,89.22850315342063,1.3661257468180454,0.5722210925941607,0.7114865223780571,1.2433769596862245,148.6354520093493,216.81959857321712,1.4587340748260984,143.75912901614947,131.23902311107352,0.9129091419045152,34.78,44.068374147454136,1.2670607862982788,1.637435698933575,0.8289531677483613,0.5062508215059924,1.8294406027770707,2.3761525958579393,1.2988410731952522,1531072368630
qa,1943.323954320742,2.441135152430184,105.46258503401361,0.4098310759397352,0.735047937908994,43.806666666666665,60.188891186183355,1.3739664705413945,0.015765778325033942,0.04520926127654837,2.8675565737697912,59.43966671626246,152.2326496316539,2.561128923524123,52.236802935887795,44.98699307865807,0.8612126039541951,25.513333333333332,30.70195143996913,1.2033688831971177,1.4915150408470694,0.47863672450042855,0.3209064014725581,121.92867711666204,208.23739891750458,1.7078623654569947,1531072410916
qst,2663.1748370966156,3.356348385206865,1546.38,0.10890717156917992,0.9927119726511139,177.46,215.11335399427588,1.2121793868718351,0.02462266558312568,0.03647568266433343,1.4813864299619461,313.8109006686839,564.7422551395921,1.799625997491518,378.42058897303775,216.7800215674012,0.5728547227192405,27.066666666666666,25.161787606518647,0.9296226948221176,6.473260250895942,5.903439970281909,0.9119732161957853,170.40918104444654,89.89659687246271,0.5275337650323879,1531072446714
r,1874.2118135763137,1.9222834387715098,69.32374100719424,0.6693693693693694,0.5576576576576576,7.4,31.580373652001022,4.267618061081219,0.013802800482828882,0.02899278511729789,2.100500195838216,26.034126984126985,58.65585352553697,2.2530370832599633,41.86562515091613,53.60848240809592,1.2804892370494751,3.22,8.097629282697518,2.5147917027010926,1.9496550671055268,1.7092481299899245,0.8766925795379218,7.58524602777693,10.654593051690355,1.4046469966397364,1531072491429
r9k,22564.63720326725,20.3227387205531,216.82,0.20325747434181168,1,29.88,60.93908652635574,2.0394607271203395,0.19807491917659126,0.25330873337714854,1.2788531452147875,139.80893782383419,182.1184147543957,1.3026235488883653,137.48772252059973,81.10083353761297,0.5898769144674839,15.026666666666667,20.682342442017738,1.3763759389097874,1.5683777444638813,0.7941400298566094,0.506344873012764,2.471782848147993,3.621820813524615,1.4652665853063505,1531072645595
s,2229.1648181113223,2.250086659630017,94.43859649122807,0.7184337265303273,0.39589586096182033,95.51333333333334,77.57059036057987,0.8121441023303541,0.021639584644573658,0.05420673549645182,2.5049804045127413,21.9963390205153,66.02907776674164,3.0018212442151566,19.627165803008573,16.324274580172933,0.8317183817579329,38.45333333333333,39.85366343121907,1.036416351366654,4.439745567627621,5.43773574909819,1.2247854446316493,149.0132406018478,139.74549116155788,0.9378058660904324,1531072694625
s4s,3735.7187308642733,4.0158773345222825,149.41610738255034,0.37240584166026136,0.928132205995388,17.346666666666668,39.10975780486955,2.2545978749924798,0.0523671288817235,0.10051576896531625,1.919443954858426,64.65770348837209,149.03455482126458,2.3049775476183845,74.66416991878135,134.69484566986844,1.8040091494539836,8.713333333333333,12.016841884991626,1.3791325805269656,1.6382067464226553,0.9725002457184886,0.593637065554841,14.382172377781512,49.19456539079043,3.420523972219197,1531072751716
sci,1958.0219100517456,1.8980797546921908,215.6689189189189,0.13898305084745763,0.9852442671984047,33.43333333333333,57.38808432263808,1.71649305052756,0.020239132140483018,0.036443893254541684,1.800664821079227,183.85169409486932,256.0882790362793,1.3929068225182368,161.0849669218586,105.00890282514447,0.6518851810428946,17.80666666666667,25.88762810473158,1.453816628869239,1.5931637010008965,0.7183886047073625,0.45091951583885487,35.98226281111991,47.68997854980336,1.3253746380582077,1531072791677
soc,3695.8026826970045,3.5257755339091923,213.20666666666668,0.2498028909329829,0.9564388961892247,101.46666666666668,142.4646700842781,1.4040539101604281,0.024005945856067558,0.029796696798544756,1.2412215280829508,91.54287573194534,169.9273460738874,1.856259645714719,103.00095528593994,91.65883367444636,0.8898833357418208,59.99333333333333,85.04230293735516,1.417529218869127,1.6388709870649976,0.7138331808048806,0.4355639866950491,75.84962610369656,105.76602494038477,1.394417222252203,1531072860716
sp,63378.62218269463,94.76282941348691,170.9020979020979,0.19171243135297053,0.9628057913130305,53.77181208053691,89.48106325894476,1.6640886701925572,0.3372765703038775,0.4463977360535482,1.3235361580300562,90.92807254012989,133.7453806018067,1.47089206738414,89.80395224563891,99.55732297601308,1.1086073662292275,27.29530201342282,39.15697257729272,1.4345682109703997,1.5772447340180045,1.0192338384482404,0.646211597011809,2.8733099981371275,4.608636443345068,1.603946823117943,1531073012404
t,129.62328318118034,0.1531886603194492,679.1111111111111,0.21751740139211137,0.9889791183294664,127.70370370370372,99.95770024432552,0.782731411425983,0.004649817897058271,0.009120369175396008,1.9614465291567769,163.8538129496403,270.5777180535086,1.6513361098082557,230.67519040735618,266.14300189955077,1.1537565068422007,84.92592592592592,68.88687770859525,0.8111407318500095,1.8526370649301003,1.4075506524132182,0.7597552046527392,4000.6099775000093,4028.365255387171,1.0069377615021862,1531073021398
tg,17603.84292158519,17.190987284302835,442.67333333333335,0.20153866386112573,0.9528537611783272,101.38666666666668,109.4510415157795,1.0795407829673147,0.09819172275000598,0.1826449436853455,1.860084929463511,199.56387550462298,292.649776759453,1.4664466503241147,201.45431888883937,132.46982338296868,0.6575675523544585,36.733333333333334,33.95657357403555,0.9244076290572292,2.3740316423295806,1.321936856999147,0.5568320292908825,28.848789948147758,37.859995041553596,1.3123598982696467,1531073123466
toy,1647.2713384638155,1.716128028759018,354.3918918918919,0.28497263925915534,0.9544689210046303,95.02666666666667,106.62438411962293,1.1220469775461932,0.012194071827052691,0.020134786927219733,1.6511947127087172,141.56158011663427,189.03874488781767,1.335381709727077,143.0570569612756,82.24396253041051,0.5749032188791169,38.72666666666667,35.566444235480674,0.9183967352938717,2.015852753374096,0.8472057323050576,0.4202716348637174,265.1206330814741,432.0529472172632,1.6296466336684143,1531073156362
trash,20624.84951309979,20.11860889360643,306.79333333333335,0.5195609650076071,0.7293523147141926,122.69333333333334,100.16605856720572,0.8163936527429287,0.10097485635637717,0.24402062522474222,2.4166474113466845,84.30990621968309,186.55487954137843,2.212727873937845,75.6981834322766,61.74181141615414,0.8156313482924128,30.746666666666666,22.171509245475875,0.7211028592414096,4.022025060516778,2.883749961383765,0.7169895557570793,48.78910017407956,46.18589849906638,0.9466437858922394,1531073252918
trv,474.62298877978793,0.5,357.8523489932886,0.09137682650751183,0.9936200864375387,32.39333333333333,55.94436482395308,1.7270332833078745,0.004677753145255373,0.009288227876071687,1.985617365356849,240.59652625274506,315.74790732820907,1.312354389508176,255.97537609149916,163.56522162745452,0.6389881094226331,18.766666666666666,26.26059574512521,1.3993212652819826,1.5025808925289532,0.6506477331944326,0.4330201032300797,148.70236265369167,181.29649052517266,1.2191903833255726,1531073273239
tv,39122.22803078148,35.35510394921898,136.1338028169014,0.21282633371169127,0.9500567536889899,36.205479452054796,53.05591749215639,1.4654112663365177,0.25608134088162904,0.2797734431832779,1.0925178781869949,97.84370397643593,150.71070727493648,1.5403209521915964,87.5884727522173,49.96193166162389,0.5704167465388202,21.91780821917808,27.343954992797787,1.2475679465463991,1.4675482606256136,0.5553164289624316,0.3783973882574063,2.568654117197297,3.50651256730395,1.36511667484837,1531073424303
u,778.0995741861757,0.8623758493643855,256.6875,0.40512419805889127,0.7910840598782695,162.10666666666665,116.11426249843538,0.7162830800610835,117.31872803073654,195.6608469523584,1.6677716357536445,109.89264185895978,89.47544286758517,0.8142077700017551,58.593333333333334,40.29807218989791,0.6877586561024788,2.9672116473562973,1.6141882832916927,0.5440084750037597,1531073449792
v,123026.68678206776,117.55727319556915,141.67123287671234,0.2332655482121674,0.9642433485849856,79.74324324324324,118.50322846677612,1.4860598045316784,0.569336572822476,0.6795515651834584,1.1935849506638816,119.57548117154812,158.50094608325657,1.3255304894476176,104.49655023334005,68.65208201089013,0.6569794108761535,34.78378378378378,42.34758689007806,1.2174519929548473,1.7244090912231622,0.7707312072680418,0.4469538064899348,2.035265863365955,2.780209425661378,1.3660178140380264,1531073601458
vg,94758.6696007308,83.47687056077622,1161.5333333333333,0.25253058377787413,0.9515748996248893,353.67333333333335,229.67828214458783,0.64940797198334,0.49198486446888895,0.8738332556143561,1.7761384927109145,102.3162722505216,160.69134090908383,1.570535530415248,117.67451925912754,103.42378715650976,0.8788970442170521,65.58,37.41626562517074,0.5705438491181876,5.069866866069164,2.0976376435676665,0.4137461000418803,29.658855324074512,29.614842672011722,0.9985160367255621,1531073751784
vip,23.802535714206698,0.034384915344620716,112.07482993197279,0.3630179344465059,0.8030303030303031,21.56,43.19822218564095,2.0036281162171123,0.00041233841796273505,0.0015534995948937732,3.7675354204666185,55.9329196217494,145.75785054904125,2.6059403216341956,73.41080677298494,103.89821054073714,1.4152985794316528,1698.5718101907341,2147.490221438044,1.2642916882018078,1531073761661
vp,6682.470374907731,6.686139156258335,186.29054054054055,0.3433772755806654,0.8646578782172002,53.1,70.46254324107245,1.326978215462758,0.05562388108912383,0.08820901696373369,1.5858119792540195,87.53284041897719,153.94703300420505,1.758734576272578,88.62431155860406,80.74615029713398,0.9111060935434118,25.933333333333334,27.474513442259333,1.0594285389046014,1.776394028285494,0.9917788949437035,0.5583101942202146,30.733948107400646,53.52097750279588,1.7414286415713758,1531073844713
vr,1958.0902885925013,1.9761811403591176,246.15862068965518,0.17289256198347105,0.9731129476584023,60.5,83.44089724669392,1.3791883842428747,0.019832428855133786,0.030935562196560528,1.5598473803954984,158.39447154471546,225.73400648146324,1.4251381647353616,140.16158877532692,74.40081156986462,0.530821691020683,28.666666666666668,30.9837950476625,1.0808300598021803,1.833891025653971,0.9241283498789209,0.5039167196695201,112.46890713704293,221.69391025143716,1.9711573260092585,1531073887746
w,123.7184540052693,0.16666666666666666,136.336,0.7436371100164204,0.4884031198686371,64.96,82.72644720200829,1.273498263577714,0.0008956869052206294,0.0015945877362392718,1.7802959124946527,34.209723064483526,89.35373600429864,2.6119397644895153,26.7943010701631,31.46682150523328,1.1743848597817421,27.959999999999997,39.97764041727994,1.4298154655679525,2.7469044996622998,2.3957948146397294,0.8721798719009944,1542.8318763388834,1754.997060564059,1.1375167232923917,1531073896853
wg,592.9826329682566,0.7362629457550366,115.70229007633588,0.7419727177334733,0.4881427072402938,64.39189189189189,77.13778783862655,1.1979425603480305,0.004436960604927262,0.004161491453556145,0.937914898080184,41.97943790039265,121.22093156568512,2.8876263625376293,33.757240738847784,45.63917783528467,1.3519818811127877,28.31756756756757,39.77250122311559,1.4045168649537356,3.2665204581106217,4.81689065518283,1.4746243646577228,311.729473089327,384.9453114721542,1.2348697980246706,1531073913881
wsg,1171.1405220942943,1.1794224204267558,108.74242424242425,0.4132896174863388,0.6795628415300546,152.5,98.43574892622429,0.6454803208277002,0.007609904772589308,0.010901209460864784,1.432502743021263,51.50019543973942,112.32598949162332,2.1810788975171254,48.48197492126267,32.459703518433976,0.6695210657393861,77.45333333333333,58.65964958034518,0.7573547458298998,2.2807609079224784,0.9496080766856948,0.41635581940532423,869.7277514722268,1125.1001485348654,1.2936233742459733,1531073948933
wsr,510.23744129777305,0.5598290419198476,198.66438356164383,0.23835616438356164,0.9246575342465754,4.866666666666666,16.40352265690377,3.3705868473089944,0.003567120927230104,0.006958730923989527,1.9507975944603124,97.17045454545455,164.75974392422205,1.695574490156887,138.43472028808787,151.1064437564529,1.0915357320908707,3.2866666666666666,5.423819892126051,1.6502494600789204,1.6290279692510932,1.1775552620137717,0.7228576084885301,26.314950666666917,61.63530024613763,2.3422160667095953,1531073969186
x,6098.250032113402,5.99518127559901,351.70666666666665,0.23785510169776433,0.9115817784501598,39.66,63.79945976782772,1.6086601050889493,0.040526899291278576,0.0638353239293261,1.5751346647697648,186.06328906378096,310.93733742184605,1.6711374876064848,200.1423129421623,169.37647748922473,0.8462802043172731,19.69333333333333,28.587164174775285,1.4516163257333428,1.8461004980892881,1.2132311985676776,0.6571858898382674,20.410263683328807,25.802416811972737,1.2641883129147549,1531074035532
y,389.072203119478,0.45185265405091396,114.78461538461538,0.6783387622149837,0.473708701721731,116.95238095238095,91.39853177145311,0.7815021039090047,0.0026952515128738697,0.0032711902202799,1.2136864424915665,44.575581060038054,113.00856461728036,2.535212372555977,42.29899696182432,53.434499245047014,1.263256887468814,39.69387755102041,35.21452472533548,0.8871525509210482,3.7833277710287625,3.8100923221791105,1.0070743411013183,1344.0816356991472,1414.6234529661886,1.0524832833017228,1531074048631
